,City,Cloudiness,Country,Date,Humidity,Lat,Lng,Max Temp,Wind Speed
0,Arraial do Cabo,40,BR,1566855409,73,-22.97,-42.02,69.8,11.41
1,Bluff,10,AU,1566855411,78,-23.58,149.07,59.41,6.42
2,Saint-Augustin,20,CA,1566855412,36,45.63,-73.98,81.0,4.7
3,Punta Arenas,40,CL,1566855413,66,-53.16,-70.91,41.0,25.28
4,Albany,20,US,1566855235,39,42.65,-73.75,80.01,4.09
5,Leningradskiy,100,RU,1566855415,98,69.38,178.42,43.39,12.03
6,Rikitea,72,PF,1566855416,57,-23.12,-134.97,68.95,7.34
7,Kapaa,75,US,1566855418,62,22.08,-159.32,89.6,18.34
8,Hobart,75,AU,1566855278,61,-42.88,147.33,51.01,9.17
9,Bredasdorp,67,ZA,1566855420,71,-34.53,20.04,50.0,6.93
10,Pevek,100,RU,1566855421,96,69.7,170.27,40.51,8.01
11,Mabaruma,68,GY,1566855422,93,8.2,-59.78,78.49,4.85
12,Ilulissat,20,GL,1566855424,42,69.22,-51.1,46.4,9.17
13,Saint-Philippe,1,CA,1566855425,31,45.36,-73.48,81.0,2.24
14,New Norfolk,75,AU,1566855426,61,-42.78,147.06,51.01,9.17
15,Mataura,96,NZ,1566855427,84,-46.19,168.86,42.01,3.0
16,Lorengau,85,PG,1566855428,86,-2.02,147.27,79.21,8.48
17,Jamestown,0,AU,1566855430,85,-33.21,138.6,37.09,1.79
18,Muscat,20,OM,1566855431,89,23.6,58.55,84.2,4.7
19,Mehamn,75,NO,1566855432,100,71.03,27.85,50.0,1.12
20,Hermanus,100,ZA,1566855433,79,-34.42,19.24,52.0,3.0
21,Dalbandin,93,PK,1566855435,10,28.9,64.41,82.81,18.32
22,Ovada,0,IT,1566855152,69,44.64,8.65,78.8,5.82
23,Catuday,20,PH,1566855437,83,16.29,119.81,83.35,15.28
24,Bulgan,17,MN,1566855438,87,48.81,103.53,44.47,2.53
25,Dauphin,40,CA,1566855440,53,51.15,-100.04,71.6,29.97
26,Tuktoyaktuk,75,CA,1566855441,87,69.44,-133.03,50.0,9.17
27,Barrow,87,AR,1566855442,65,-38.31,-60.23,66.25,6.35
28,Tasiilaq,58,GL,1566855443,81,65.61,-37.64,44.6,3.36
29,Ushuaia,40,AR,1566855149,80,-54.81,-68.31,42.8,11.41
30,Adrar,32,DZ,1566855445,11,27.87,-0.29,100.4,6.93
31,Khilok,100,RU,1566855447,97,51.36,110.46,50.23,6.96
32,La Ronge,75,CA,1566855448,93,55.1,-105.3,55.4,3.36
33,Carnarvon,0,ZA,1566855449,53,-30.97,22.13,48.97,9.1
34,Nioro,100,GM,1566855450,89,13.79,-15.05,76.51,9.33
35,Bojnurd,0,IR,1566855451,37,37.47,57.33,71.6,13.87
36,Culiacancito,75,MX,1566855453,59,24.82,-107.53,96.01,4.7
37,Bambous Virieux,75,MU,1566855454,56,-20.34,57.76,71.6,11.41
38,Klaksvik,100,FO,1566855455,93,62.23,-6.59,51.8,12.75
39,Sisimiut,81,GL,1566855456,84,66.94,-53.67,44.47,2.01
40,Turayf,0,SA,1566855458,23,31.68,38.65,87.8,6.93
41,Busselton,67,AU,1566855459,65,-33.64,115.35,42.01,12.48
42,Yar-Sale,98,RU,1566855460,80,66.83,70.83,37.99,5.79
43,Vila Franca do Campo,40,PT,1566855462,78,37.72,-25.43,71.6,4.7
44,Doka,83,SD,1566855463,85,13.52,35.76,75.25,3.76
45,Aswan,0,EG,1566855464,21,24.09,32.9,93.2,6.93
46,Qaanaaq,100,GL,1566855465,93,77.48,-69.36,35.47,7.2
47,Oranjestad,40,AW,1566855377,74,12.52,-70.03,86.0,24.16
48,Komsomolskiy,100,RU,1566855468,91,67.55,63.78,40.33,3.62
49,Timrat,0,IL,1566855469,89,32.7,35.23,77.0,1.99
50,Cape Town,40,ZA,1566855337,87,-33.93,18.42,54.0,5.82
51,Tasgaon,100,IN,1566855471,92,17.04,74.6,68.95,7.0
52,Svetlaya,0,RU,1566855472,80,46.54,138.33,55.45,4.16
53,Halifax,90,CA,1566855410,77,44.65,-63.58,61.0,11.41
54,Mikhaylovka,81,RU,1566855475,91,52.96,103.29,48.61,4.63
55,Saint-Pierre,0,FR,1566855476,47,48.95,4.24,75.2,5.82
56,Porto-Vecchio,0,FR,1566855477,83,41.59,9.28,77.0,3.36
57,Ancud,40,CL,1566855478,70,-41.87,-73.83,46.4,6.93
58,Kaitangata,71,NZ,1566855479,67,-46.28,169.85,44.01,5.99
59,Puerto Rico,59,CO,1566855481,95,1.91,-75.15,63.19,4.92
60,Saskylakh,100,RU,1566855482,76,71.97,114.09,54.37,2.51
61,Balakhonovskoye,0,RU,1566855483,68,44.78,41.78,68.0,6.71
62,Alofi,100,NU,1566855484,84,-19.06,-169.92,73.81,21.36
63,Mar del Plata,97,AR,1566855486,30,-46.43,-67.52,47.71,32.32
64,Vaini,67,IN,1566855487,91,15.34,74.49,74.53,3.24
65,Yulara,0,AU,1566855488,52,-25.24,130.99,44.6,8.05
66,Upernavik,89,GL,1566855489,72,72.79,-56.15,39.79,7.4
67,Maniitsoq,98,GL,1566855491,76,65.42,-52.9,45.37,5.61
68,Victoria Point,75,AU,1566855492,100,-27.58,153.3,62.01,3.36
69,Muros,40,ES,1566855493,93,42.77,-9.06,69.01,5.82
70,Dikson,100,RU,1566855495,97,73.51,80.55,40.87,12.19
71,Tongliao,0,CN,1566855496,91,43.61,122.27,59.23,6.29
72,Santa Maria,40,BR,1566855497,34,-16.02,-48.01,78.8,10.29
73,Castro,40,CL,1566855470,70,-42.48,-73.76,46.4,6.93
74,Loreto,100,PY,1566855499,45,-23.27,-57.32,79.03,8.7
75,Avarua,100,CK,1566855500,78,-21.21,-159.78,73.4,9.17
76,Geraldton,75,CA,1566855502,53,49.72,-86.95,71.6,13.87
77,Hithadhoo,100,MV,1566855503,71,-0.6,73.08,82.45,5.61
78,Wageningen,21,NL,1566855504,69,51.98,5.66,78.01,6.93
79,Port Alfred,100,ZA,1566855505,72,-33.59,26.89,63.0,5.01
80,Sedona,1,US,1566855506,14,34.87,-111.79,97.0,8.05
81,Pisco,90,PE,1566855508,30,-13.71,-76.2,71.6,5.82
82,Hilo,75,US,1566855509,65,19.71,-155.08,82.99,3.36
83,Kyaikto,100,MM,1566855510,97,17.31,97.01,74.53,0.76
84,Kavaratti,100,IN,1566855512,78,10.57,72.64,81.55,20.15
85,Astoria,1,US,1566855396,49,46.19,-123.83,82.0,8.05
86,Poum,0,MK,1566855514,37,41.28,20.71,69.8,6.93
87,Hanmer Springs,41,NZ,1566855515,89,-42.52,172.83,33.31,4.23
88,Namatanai,71,PG,1566855516,82,-3.66,152.44,78.85,5.5
89,State College,40,US,1566855364,49,40.79,-77.86,75.99,9.17
90,Butaritari,31,KI,1566855519,70,3.07,172.79,84.97,8.99
91,Port Hardy,20,CA,1566855520,82,50.7,-127.42,59.0,4.7
92,Tiksi,99,RU,1566855521,96,71.64,128.87,43.57,8.79
93,Ribeira Grande,75,PT,1566855522,94,38.52,-28.7,73.4,10.29
94,Edd,100,ER,1566855523,44,13.93,41.69,90.91,1.66
95,Puerto Ayora,20,EC,1566855245,57,-0.74,-90.35,80.6,19.46
96,Bud,0,NO,1566855526,72,62.91,6.91,64.99,9.17
97,Baloda Bazar,100,IN,1566855527,93,21.65,82.17,74.89,8.12
98,Smiltene,100,LV,1566855528,89,57.42,25.9,59.0,1.01
99,Paducah,40,US,1566855529,70,37.08,-88.6,84.2,8.05
100,Iqaluit,90,CA,1566855530,87,63.75,-68.52,51.8,10.29
101,Hofn,100,IS,1566855532,99,64.25,-15.21,37.09,16.33
102,Longyearbyen,20,NO,1566855533,69,78.22,15.63,37.4,3.36
103,Port Elizabeth,40,US,1566855534,60,39.31,-74.98,75.0,16.11
104,Khatanga,100,RU,1566855535,86,71.98,102.47,53.83,6.13
105,Krasnoarmeyskiy,0,RU,1566855536,37,46.12,40.39,77.0,13.4
106,Tulun,0,RU,1566855538,90,54.56,100.58,47.53,1.7
107,Yellowknife,75,CA,1566855539,59,62.45,-114.38,60.8,10.29
108,Barra,0,BR,1566855540,31,-11.09,-43.14,80.65,5.12
109,Kununurra,100,AU,1566855339,93,-15.77,128.74,57.2,5.82
110,Fort Saint James,69,CA,1566855542,30,54.43,-124.25,68.05,2.28
111,Newport,22,GB,1566855544,88,51.59,-3.0,66.0,2.24
112,Sur,55,OM,1566855545,56,22.57,59.53,81.55,5.44
113,Pacific Grove,1,US,1566855546,68,36.62,-121.92,97.0,5.82
114,Rawson,0,AR,1566855547,21,-43.3,-65.11,55.09,25.17
115,Nikolskoye,40,RU,1566855548,93,59.7,30.79,63.0,6.71
116,Talnakh,75,RU,1566855550,93,69.49,88.39,48.2,8.95
117,Ugoofaaru,100,MV,1566855551,72,5.67,73.0,82.63,4.97
118,Vao,99,EE,1566855552,92,59.1,26.19,59.41,7.45
119,San Andres,100,PH,1566855553,91,13.32,122.68,75.25,5.35
120,Troyes,0,FR,1566855554,60,48.3,4.07,75.2,2.24
121,Karratha,94,AU,1566855556,62,-20.74,116.85,58.87,6.87
122,Atuona,4,PF,1566855557,73,-9.8,-139.03,78.67,16.75
123,Burgeo,100,CA,1566855558,64,47.61,-57.61,62.47,3.29
124,Chifeng,0,CN,1566855559,70,42.27,118.96,55.27,8.34
125,Challans,0,FR,1566855560,69,46.85,-1.88,75.2,8.05
126,Lebu,75,ET,1566855562,87,8.96,38.73,59.0,4.7
127,Xapuri,75,BR,1566855563,88,-10.65,-68.5,73.4,3.36
128,Buala,100,SB,1566855564,82,-8.15,159.59,79.57,7.56
129,Micheweni,0,TZ,1566855565,80,-4.97,39.83,77.23,10.87
130,Solwezi,94,ZM,1566855566,39,-12.18,26.4,70.21,3.94
131,Krapivinskiy,0,RU,1566855568,93,55.0,86.81,53.6,4.47
132,Haverfordwest,20,GB,1566855569,82,51.8,-4.97,66.0,8.05
133,Georgetown,40,GY,1566855320,70,6.8,-58.16,86.0,4.7
134,Ust-Maya,0,RU,1566855571,79,60.42,134.54,50.77,5.41
135,Turukhansk,97,RU,1566855572,96,65.8,87.96,46.81,7.0
136,Nouadhibou,75,MR,1566855573,88,20.93,-17.03,77.0,8.05
137,Meulaboh,95,ID,1566855575,82,4.14,96.13,80.29,8.08
138,Lusambo,63,CD,1566855576,65,-4.97,23.44,73.27,1.68
139,Cockburn Town,28,TC,1566855577,81,21.46,-71.14,82.63,11.03
140,Vardo,90,US,1566855578,50,39.62,-77.74,77.0,10.29
141,Hobyo,28,SO,1566855579,76,5.35,48.53,76.33,27.13
142,Fenoarivo,20,MG,1566855581,93,-18.93,47.44,53.6,8.05
143,Arman,100,RU,1566855582,82,59.7,150.17,49.69,2.42
144,East London,100,ZA,1566855455,71,-33.02,27.91,57.43,7.49
145,Cherskiy,96,RU,1566855584,80,68.75,161.3,51.49,4.83
146,Bereda,20,ES,1566855585,88,43.27,-7.54,66.99,8.05
147,Sorland,100,NO,1566855587,92,67.67,12.69,55.09,24.45
148,Saint George,20,GR,1566855588,60,39.45,22.34,75.2,2.93
149,Rakiv Lis,0,UA,1566855589,85,51.62,24.92,63.73,7.29
150,Falkenberg,1,DE,1566855590,100,49.86,12.22,66.99,2.91
151,College,1,US,1566855592,58,64.86,-147.8,61.0,6.55
152,Hamilton,75,CA,1566855438,56,43.26,-79.87,77.0,13.87
153,Vanimo,23,PG,1566855595,80,-2.67,141.3,79.93,6.76
154,Berlevag,75,NO,1566855596,93,70.86,29.09,50.0,8.05
155,Chichicastenango,61,GT,1566855597,77,14.94,-91.11,63.19,6.06
156,Aginskoye,100,RU,1566855599,99,51.11,114.54,50.41,2.75
157,Maceio,75,BR,1566855600,88,-9.67,-35.74,73.4,13.87
158,Sept-Iles,75,CA,1566855568,49,50.2,-66.38,71.01,3.36
159,Mahebourg,75,MU,1566855602,56,-20.41,57.7,71.6,11.41
160,Kutum,100,SD,1566855603,63,14.2,24.66,72.19,7.14
161,Soligalich,100,RU,1566855605,96,59.08,42.29,55.09,9.08
162,Aklavik,75,CA,1566855606,54,68.22,-135.01,57.2,9.17
163,Kaka,0,TM,1566855607,15,37.35,59.62,69.67,2.8
164,Namibe,33,AO,1566855609,86,-15.19,12.15,67.33,11.05
165,Faanui,44,PF,1566855610,76,-16.48,-151.75,78.31,12.26
166,Havre-Saint-Pierre,1,CA,1566855612,77,50.23,-63.6,64.4,14.99
167,Chuchkovo,100,RU,1566855613,80,54.27,41.45,55.45,6.82
168,Ponta do Sol,0,BR,1566855614,49,-20.63,-46.0,68.41,6.82
169,Torbay,75,CA,1566855392,52,47.66,-52.73,68.0,11.41
170,Grandview,90,US,1566855616,94,38.89,-94.53,77.0,7.61
171,Karaton,20,ID,1566855618,73,-6.34,106.1,78.01,3.36
172,Bonthe,100,SL,1566855619,91,7.53,-12.5,75.25,9.64
173,Norman Wells,75,CA,1566855620,51,65.28,-126.83,62.6,2.24
174,Chuy,88,UY,1566855621,95,-33.69,-53.46,57.43,4.99
175,Victoria,75,BN,1566855622,88,5.28,115.24,77.0,8.05
176,Srednekolymsk,100,RU,1566855624,70,67.46,153.71,55.09,5.37
177,Ipameri,12,BR,1566855625,30,-17.72,-48.16,79.03,5.82
178,Kyabram,0,AU,1566855626,92,-36.31,145.05,44.01,3.0
179,Tezu,17,IN,1566855627,84,27.93,96.16,75.07,3.22
180,Porto Seguro,75,BR,1566855629,88,-16.44,-39.06,69.8,6.93
181,Quatre Cocos,75,MU,1566855630,56,-20.21,57.76,71.6,11.41
182,Husavik,58,CA,1566855631,71,50.56,-96.99,71.01,5.99
183,Rocha,62,UY,1566855632,92,-34.48,-54.34,60.49,3.29
184,Punta Gorda,1,US,1566855633,79,26.93,-82.05,91.4,5.82
185,Kodiak,90,US,1566855635,88,39.95,-94.76,75.99,9.17
186,Antalaha,65,MG,1566855636,92,-14.9,50.28,63.37,2.33
187,Staryy Nadym,100,RU,1566855637,69,65.61,72.68,43.03,5.41
188,Dingle,100,PH,1566855639,96,11.0,122.67,73.27,3.2
189,Caravelas,9,BR,1566855640,79,-17.73,-39.27,71.83,11.21
190,Molodizhne,0,UA,1566855641,58,45.01,34.06,70.03,9.13
191,Maumere,42,ID,1566855642,75,-8.63,122.22,69.13,3.2
192,Derzhavinsk,13,KZ,1566855643,73,51.1,66.31,56.17,14.47
193,Nanortalik,40,GL,1566855645,69,60.14,-45.24,44.47,2.01
194,Klyuchi,0,RU,1566855646,50,52.25,79.17,67.51,12.55
195,Nome,40,US,1566855647,63,30.04,-94.42,97.0,10.29
196,Ngunguru,18,NZ,1566855648,75,-35.62,174.5,54.0,7.78
197,Goderich,100,CA,1566855649,60,43.74,-81.71,77.0,15.99
198,Nicoya,40,CR,1566855651,59,10.15,-85.45,89.6,8.05
199,Eyl,78,SO,1566855652,71,7.98,49.82,76.33,25.75
200,Hami,0,CN,1566855653,25,42.84,93.51,72.01,3.56
201,Luganville,75,VU,1566855654,88,-15.51,167.18,77.0,5.82
202,San Angelo,1,US,1566855561,23,31.46,-100.44,109.0,14.99
203,Moose Factory,1,CA,1566855657,44,51.26,-80.61,78.8,12.75
204,Wodonga,28,AU,1566855658,91,-36.12,146.89,41.0,3.38
205,Bathsheba,40,BB,1566855659,78,13.22,-59.52,80.6,25.28
206,Gimli,80,CA,1566855661,71,50.63,-96.99,71.01,5.99
207,Bumba,100,CD,1566855662,89,2.18,22.47,69.13,2.04
208,Batagay-Alyta,3,RU,1566855663,87,67.8,130.41,43.39,1.48
209,Sao Filipe,49,CV,1566855664,77,14.9,-24.5,80.47,6.33
210,Yingcheng,0,CN,1566855666,88,30.93,113.57,80.6,5.03
211,Airai,0,TL,1566855667,77,-8.93,125.41,63.91,4.74
212,Vila Velha,20,BR,1566855669,74,-3.71,-38.6,80.6,12.75
213,Kavieng,24,PG,1566855670,75,-2.57,150.8,81.73,3.13
214,Acapulco,40,MX,1566855671,74,16.86,-99.88,87.8,9.17
215,Sao Joao da Barra,40,BR,1566855673,73,-21.64,-41.05,69.8,5.82
216,Carupano,50,VE,1566855674,94,10.67,-63.26,79.03,2.57
217,Tuatapere,97,NZ,1566855635,84,-46.13,167.69,43.0,3.0
218,Cocobeach,40,GA,1566855676,83,1.01,9.58,78.8,8.05
219,Saldanha,78,PT,1566855677,62,41.42,-6.55,68.77,1.57
220,Cidreira,98,BR,1566855679,78,-30.17,-50.22,63.37,9.73
221,Bethel,90,US,1566855680,67,60.79,-161.76,57.2,6.93
222,Hasaki,75,JP,1566855635,88,35.73,140.83,73.4,4.7
223,Sao Paulo de Olivenca,48,BR,1566855683,46,-3.38,-68.87,90.91,3.24
224,Nemuro,67,JP,1566855684,87,43.32,145.57,60.13,6.69
225,Ahipara,99,NZ,1566855685,100,-35.17,173.16,51.01,12.66
226,Banjarmasin,100,ID,1566855687,80,-3.32,114.59,77.23,8.39
227,Berdigestyakh,92,RU,1566855688,79,62.1,126.7,49.15,3.94
228,Constitucion,75,MX,1566855689,19,23.99,-104.67,82.0,8.05
229,Sola,0,TZ,1566855691,43,-3.17,33.8,70.75,7.96
230,Thompson,90,CA,1566855692,93,55.74,-97.86,50.0,16.11
231,Chino Valley,1,US,1566855693,18,34.76,-112.45,97.0,2.73
232,Pangoa,63,PE,1566855694,42,-12.12,-73.0,88.21,2.68
233,Touros,40,BR,1566855695,74,-5.2,-35.46,78.8,8.05
234,Panguna,99,PG,1566855697,78,-6.32,155.48,79.57,4.68
235,Taloqan,0,AF,1566855698,23,36.74,69.54,73.81,7.83
236,Deputatskiy,71,RU,1566855699,86,69.3,139.9,45.01,3.78
237,Vila do Maio,75,CV,1566855701,88,15.13,-23.22,78.8,5.82
238,Faya,40,SA,1566855702,40,18.39,42.45,73.4,5.82
239,Esperance,33,AU,1566855703,86,-33.86,121.89,41.0,14.99
240,Cayenne,0,GF,1566855705,70,4.94,-52.33,86.0,11.41
241,Luleburgaz,0,TR,1566855706,88,41.4,27.36,73.4,14.99
242,Sabha,0,LY,1566855707,21,27.03,14.43,87.13,10.22
243,Provideniya,90,RU,1566855708,93,64.42,-173.23,51.8,6.71
244,Ledyard,75,US,1566855700,60,41.44,-72.02,75.2,4.7
245,Tual,21,ID,1566855711,80,-5.67,132.75,75.97,20.83
246,Kiunga,100,PG,1566855712,98,-6.12,141.3,70.39,1.79
247,Bagan,64,RU,1566855714,43,54.1,77.67,70.93,18.97
248,Inhambane,0,MZ,1566855715,85,-23.87,35.38,64.63,6.17
249,Tazovskiy,100,RU,1566855717,88,67.47,78.7,41.05,8.52
250,Sorong,50,ID,1566855718,91,-0.86,131.25,73.81,8.41
251,Great Bend,90,US,1566855719,74,38.36,-98.78,81.0,19.46
252,Qasigiannguit,20,GL,1566855720,42,68.82,-51.19,46.4,9.17
253,Uyemskiy,90,RU,1566855721,93,64.47,40.85,51.8,4.47
254,Chinhoyi,0,ZW,1566855723,52,-17.36,30.19,63.37,6.06
255,Nizhniy Kuranakh,0,RU,1566855724,95,58.84,125.49,47.17,1.88
256,Narsaq,64,GL,1566855725,40,60.91,-46.05,53.6,5.82
257,Santiago del Estero,16,AR,1566855726,38,-27.8,-64.26,81.91,5.61
258,Fare,84,PF,1566855727,69,-16.7,-151.02,78.67,9.46
259,Terrace,90,CA,1566855693,82,54.52,-128.61,57.2,5.82
260,Saint-Georges,100,CA,1566855516,56,46.12,-70.67,77.0,2.8
261,Timoteo,40,BR,1566855486,53,-19.58,-42.64,75.2,4.7
262,Awbari,9,LY,1566855732,23,26.59,12.77,85.51,9.37
263,Coquimbo,0,CL,1566855733,52,-29.95,-71.34,68.0,10.29
264,Baisha,100,CN,1566855734,81,19.23,109.45,78.13,6.33
265,Mareeba,23,AU,1566855736,87,-16.99,145.42,61.0,2.24
266,Bandarbeyla,28,SO,1566855737,77,9.49,50.81,76.15,21.47
267,Manokwari,91,ID,1566855738,76,-0.87,134.08,74.53,3.76
268,Gladstone,40,AU,1566855739,93,-23.84,151.26,62.01,6.93
269,Amahai,6,ID,1566855740,85,-3.31,129.0,74.89,10.49
270,Kilindoni,0,TZ,1566855742,77,-7.91,39.67,77.41,14.47
271,Mayo,75,CA,1566855743,42,63.59,-135.9,62.6,2.24
272,Eydhafushi,100,MV,1566855614,69,5.1,73.07,82.81,3.83
273,Guerrero Negro,0,MX,1566855749,90,27.97,-114.04,73.81,7.74
274,Port-Cartier,75,CA,1566855750,49,50.03,-66.88,71.01,3.36
275,Taunggyi,100,MM,1566855540,97,20.78,97.03,65.89,1.86
276,Gorontalo,25,ID,1566855753,87,0.54,123.06,71.47,4.59
277,Makinsk,67,KZ,1566855754,93,52.63,70.42,51.85,11.7
278,Naze,100,NG,1566855755,94,5.43,7.07,72.91,4.43
279,Sainte-Marie,75,CA,1566855756,33,46.45,-71.03,79.0,4.7
280,Sitka,0,US,1566855758,48,37.17,-99.65,91.99,17.0
281,Necochea,100,AR,1566855759,80,-38.55,-58.74,55.0,1.99
282,Severo-Yeniseyskiy,95,RU,1566855760,84,60.37,93.04,47.53,4.32
283,Borisovka,0,RU,1566855761,55,50.61,36.01,60.8,4.47
284,Wanning,0,AT,1566855762,68,48.64,13.53,71.6,3.36
285,Severo-Kurilsk,100,RU,1566855764,95,50.68,156.12,48.25,7.34
286,Kochubey,0,RU,1566855765,65,44.39,46.54,70.03,4.29
287,Mount Isa,13,AU,1566855766,35,-20.73,139.49,55.4,12.75
288,Camacha,20,PT,1566855767,68,33.08,-16.33,71.6,10.29
289,Cristalina,36,BR,1566855769,36,-16.77,-47.61,79.03,10.94
290,Luderitz,0,NA,1566855770,67,-26.65,15.16,57.2,13.87
291,Batagay,22,RU,1566855771,86,67.65,134.64,49.15,2.01
292,Alwar,18,IN,1566855772,77,27.56,76.61,80.29,1.81
293,Mandurah,59,AU,1566855652,81,-32.55,115.7,52.0,8.05
294,Kuytun,1,RU,1566855775,89,54.34,101.51,46.99,2.1
295,Yerbogachen,99,RU,1566855626,91,61.28,108.01,54.55,5.84
296,Juegang,100,CN,1566855777,99,32.31,121.18,84.0,2.3
297,Arlit,57,NE,1566855778,43,18.74,7.39,90.19,13.8
298,Tomatlan,57,MX,1566855779,75,19.93,-105.25,84.25,6.11
299,Tiarei,20,PF,1566855781,62,-17.53,-149.33,84.2,8.05
300,Aasiaat,67,GL,1566855782,65,68.71,-52.87,40.69,10.33
301,Mastic Beach,1,US,1566855783,49,40.77,-72.85,73.99,4.7
302,Since,40,FR,1566855785,88,47.63,-2.69,71.6,11.41
303,Scottsboro,90,US,1566855786,100,34.67,-86.03,73.99,10.83
304,Kopervik,0,NO,1566855787,64,59.28,5.31,68.0,9.17
305,Salalah,75,OM,1566855788,94,17.01,54.1,78.8,6.93
306,San Patricio,100,PY,1566855789,80,-26.98,-56.83,70.57,4.29
307,Tuy Hoa,41,VN,1566855791,84,13.08,109.3,75.43,6.42
308,Houston,1,US,1566855778,44,29.76,-95.37,99.0,11.56
309,Kwinana,59,AU,1566855793,81,-32.25,115.77,52.0,8.05
310,Muroto,75,JP,1566855794,83,33.37,134.14,73.4,1.12
311,Gumrak,0,RU,1566855795,55,48.78,44.38,60.8,11.18
312,Padang,100,ID,1566855797,89,-0.92,100.36,78.85,14.54
313,Mnogovershinnyy,97,RU,1566855798,89,53.94,139.92,55.27,4.36
314,Liaocheng,100,CN,1566855799,85,36.44,115.96,71.11,3.6
315,Chapais,1,CA,1566855800,38,49.78,-74.86,77.0,5.82
316,Suez,0,EG,1566855802,71,29.97,32.54,77.23,11.07
317,Ahome,20,MX,1566855803,59,25.92,-109.18,98.01,10.29
318,Xuanhua,0,CN,1566855804,62,40.61,115.04,58.51,4.54
319,Biak,97,ID,1566855805,97,-0.91,122.88,61.39,4.99
320,Khandyga,0,RU,1566855806,62,62.65,135.58,52.93,6.73
321,Souillac,0,FR,1566855808,61,45.6,-0.6,80.6,4.7
322,Smithers,75,CA,1566855809,58,54.78,-127.17,57.2,2.24
323,Verkhnyaya Inta,19,RU,1566855810,87,65.99,60.32,32.59,1.48
324,Kapit,71,MY,1566855811,96,2.02,112.94,72.19,2.15
325,Yeppoon,0,AU,1566855812,87,-23.13,150.74,55.4,1.12
326,Estelle,100,FR,1566855814,88,43.97,3.47,73.99,4.83
327,Reconquista,0,AR,1566855815,69,-29.14,-59.64,76.51,7.61
328,Paamiut,100,GL,1566855816,87,61.99,-49.67,41.95,21.07
329,Houma,100,CN,1566855817,85,35.63,111.36,70.21,0.96
330,Anadyr,0,RU,1566855819,71,64.73,177.51,57.0,4.47
331,Vorontsovka,0,RU,1566855820,69,50.61,40.34,57.25,2.75
332,Nara,75,JP,1566855821,88,34.68,135.8,77.0,2.24
333,Viedma,100,AR,1566855822,72,-40.81,-62.99,56.17,12.95
334,Alyangula,0,AU,1566855824,100,-13.85,136.42,59.0,1.12
335,Oktyabrskiy,0,RU,1566855825,67,55.61,37.97,68.0,4.47
336,Rairangpur,47,IN,1566855826,94,22.27,86.18,75.61,3.96
337,La Mana,3,EC,1566855827,51,-0.93,-79.22,62.6,18.34
338,Fereydunshahr,0,IR,1566855829,22,32.94,50.12,57.61,9.28
339,Valdivia,40,CL,1566855830,54,-39.81,-73.25,55.4,4.7
340,Manoel Urbano,100,BR,1566855831,38,-8.84,-69.26,93.07,1.25
341,Port Lincoln,51,AU,1566855832,68,-34.72,135.86,55.45,11.39
342,La Orilla,94,MX,1566855834,71,18.0,-102.23,84.97,7.18
343,Lyubinskiy,75,RU,1566855835,93,55.15,72.69,60.8,13.42
344,Kingsland,75,US,1566855644,70,30.8,-81.69,87.8,11.41
345,Serowe,0,BW,1566855837,30,-22.4,26.7,61.39,4.43
346,Banda Aceh,100,ID,1566855838,76,5.56,95.32,82.45,10.38
347,Zaysan,0,KZ,1566855840,33,47.47,84.87,60.67,6.53
348,Codrington,90,AU,1566855841,93,-28.95,153.24,60.01,2.24
349,Bukama,51,CD,1566855842,57,-9.2,25.85,74.53,2.62
350,Hay River,75,CA,1566855843,67,60.82,-115.79,62.6,6.93
351,Tigil,100,RU,1566855844,84,57.8,158.67,54.19,3.83
352,Fayaoue,67,NC,1566855846,76,-20.65,166.53,71.65,16.75
353,Marawi,100,PH,1566855847,94,8.0,124.29,75.0,4.38
354,Mitsamiouli,0,KM,1566855848,77,-11.38,43.28,75.79,9.04
355,Toamasina,75,MG,1566855849,88,-18.17,49.38,69.8,4.7
356,Barsovo,75,RU,1566855850,100,61.17,73.17,53.6,11.18
357,Sechura,44,PE,1566855852,89,-5.56,-80.82,61.75,15.28
358,Takoradi,10,GH,1566855853,89,4.89,-1.75,74.35,4.09
359,Rosarito,75,CO,1566855854,49,4.91,-75.23,89.6,0.81
360,Murray Bridge,11,AU,1566855855,93,-35.12,139.28,46.0,1.99
361,Homer,20,US,1566855856,71,59.64,-151.54,64.0,4.7
362,Tilichiki,100,RU,1566855858,94,60.47,166.1,48.61,8.21
363,Richards Bay,29,ZA,1566855859,84,-28.77,32.06,69.13,14.52
364,Ostrovnoy,93,RU,1566855860,91,68.05,39.51,41.95,7.67
365,Lityn,0,UA,1566855861,71,49.32,28.09,62.47,6.69
366,Lufkin,20,US,1566855612,50,31.34,-94.73,98.6,11.41
367,Henties Bay,0,NA,1566855864,88,-22.12,14.28,57.0,1.99
368,Saquarema,40,BR,1566855865,73,-22.93,-42.51,71.6,11.41
369,Monastyrshchina,76,RU,1566855866,82,54.35,31.84,59.05,6.55
370,Xining,100,CN,1566855867,94,36.62,101.77,48.25,0.87
371,Cap Malheureux,75,MU,1566855869,56,-19.98,57.61,71.6,11.41
372,Port Macquarie,90,AU,1566855729,100,-31.43,152.91,55.0,1.12
373,Port Blair,100,IN,1566855681,83,11.67,92.75,82.09,21.09
374,Arroyo,40,BO,1566855872,59,-11.08,-66.08,89.6,4.7
375,Wattegama,95,LK,1566855873,85,7.35,80.68,71.65,4.54
376,Flin Flon,90,CA,1566855874,77,54.77,-101.88,59.0,9.17
377,Chumikan,0,RU,1566855876,85,54.72,135.31,49.33,10.33
378,Bela pod Bezdezem,0,CZ,1566855877,60,50.5,14.8,75.99,9.17
379,Beloha,0,MG,1566855878,63,-25.17,45.06,65.53,3.4
380,Lerwick,90,GB,1566855879,100,60.15,-1.15,53.6,2.24
381,Dakar,40,SN,1566855880,88,14.69,-17.45,80.6,12.77
382,Kahului,40,US,1566855595,69,20.89,-156.47,82.99,18.34
383,Doha,0,QA,1566855785,70,25.29,51.53,93.2,2.24
384,Mpongwe,37,ZM,1566855884,45,-13.51,28.16,70.21,8.05
385,Alice Town,100,BS,1566855885,76,25.72,-79.3,84.97,15.73
386,Savannakhet,100,TH,1566855886,97,16.57,104.76,73.99,7.07
387,Tevaitoa,84,PF,1566855887,69,-16.78,-151.5,78.67,9.46
388,Chapleau,90,CA,1566855888,49,47.85,-83.4,71.6,10.29
389,Zhangye,94,CN,1566855890,54,38.94,100.46,63.19,1.92
390,Yokadouma,100,CM,1566855891,98,3.52,15.05,67.33,2.24
391,Laguna,20,BZ,1566855892,70,16.17,-88.94,91.4,11.41
392,Oranjemund,0,ZA,1566855893,81,-28.55,16.43,55.81,19.95
393,Alice Springs,0,AU,1566855895,55,-23.7,133.88,39.2,7.63
394,Kenai,90,US,1566855625,52,60.55,-151.26,64.4,4.7
395,Jambi,34,ID,1566855897,92,-1.6,103.62,72.55,1.57
396,Itoigawa,100,JP,1566855898,100,37.02,137.87,68.0,4.7
397,Klaeng,100,TH,1566855899,77,12.78,101.65,82.99,9.46
398,Clyde River,75,CA,1566855900,93,70.47,-68.59,42.8,11.41
399,Dolinsk,20,RU,1566855902,100,47.32,142.8,48.2,4.23
400,Tessalit,89,ML,1566855903,40,20.2,1.01,91.63,9.48
401,Kjollefjord,75,NO,1566855904,100,70.95,27.35,50.0,1.12
402,Kidal,70,ML,1566855906,47,18.44,1.41,88.93,7.23
403,Pangnirtung,90,CA,1566855907,87,66.15,-65.72,48.2,4.7
404,Mahajanga,0,MG,1566855908,53,-15.72,46.32,77.0,9.17
405,Quime,24,BO,1566855909,47,-16.98,-67.22,46.63,7.96
406,Isangel,20,VU,1566855910,78,-19.55,169.27,73.4,2.24
407,Naron,20,ES,1566855912,88,43.52,-8.15,66.99,8.05
408,Praia,0,BR,1566855913,46,-20.25,-43.81,71.6,12.75
409,San Ramon,40,NI,1566855914,51,12.92,-85.84,80.6,4.7
410,Carnot,100,CF,1566855915,93,4.94,15.87,67.33,1.72
411,Fortuna,20,US,1566855917,56,40.6,-124.16,96.01,12.75
412,Ballina,90,IE,1566855918,93,54.11,-9.15,60.01,11.41
413,Maunabo,1,PR,1566855919,66,18.01,-65.9,88.0,9.17
414,La Romana,40,DO,1566855920,70,18.43,-68.97,89.6,12.75
415,Coihaique,40,CL,1566855921,52,-45.58,-72.07,44.6,6.93
416,Muravlenko,100,RU,1566855923,77,63.79,74.5,42.49,13.65
417,Kruisfontein,44,ZA,1566855924,78,-34.0,24.73,52.21,11.61
418,Mogadishu,28,SO,1566855925,79,2.04,45.34,75.25,14.12
419,Havoysund,90,NO,1566855926,93,71.0,24.66,50.0,5.82
420,Idappadi,90,IN,1566855927,94,9.71,76.71,75.2,11.41
421,Waipawa,97,NZ,1566855929,87,-39.94,176.59,48.0,3.0
422,Perth,0,AU,1566855927,61,-31.95,115.86,52.0,10.29
423,Namtsy,0,RU,1566855931,81,62.72,129.66,50.0,6.71
424,Momil,40,CO,1566855932,56,9.24,-75.68,95.0,9.35
425,Matay,0,EG,1566855933,37,28.42,30.79,83.71,11.86
426,Taksimo,95,RU,1566855934,89,56.36,114.84,53.65,6.53
427,Camabatela,81,AO,1566855936,67,-8.19,15.37,71.11,2.19
428,La Palma,72,CO,1566855937,37,5.36,-74.39,90.37,4.14
429,Ushtobe,0,KZ,1566855938,25,45.25,77.98,73.45,6.98
430,Bahia Blanca,100,AR,1566855940,55,-38.72,-62.27,63.37,15.39
431,Luau,0,CD,1566855941,45,-10.7,22.23,69.67,3.47
432,Kisangani,100,CD,1566855942,95,0.52,25.21,68.41,0.81
433,San Quintin,72,PH,1566855943,89,17.54,120.52,73.63,4.79
434,Coromandel,34,BR,1566855944,37,-18.47,-47.2,75.61,6.29
435,Griffith,0,AU,1566855946,92,-34.29,146.06,33.8,4.68
436,Novosheshminsk,100,RU,1566855947,81,55.06,51.22,50.59,6.31
437,Sao Jose da Coroa Grande,5,BR,1566855948,93,-8.9,-35.15,70.03,5.77
438,Rumford,1,US,1566855949,46,44.55,-70.55,75.99,9.17
439,Presidencia Roque Saenz Pena,0,AR,1566855951,62,-26.79,-60.44,78.13,9.91
440,Maracaju,98,BR,1566855952,37,-21.61,-55.17,78.67,6.46
441,Katangli,0,RU,1566855953,90,51.71,143.23,54.73,12.21
442,Tarauaca,69,BR,1566855954,40,-8.16,-70.77,92.35,2.13
443,Kalemie,0,CD,1566855955,52,-5.95,29.2,66.97,0.49
444,Tura,100,RU,1566855957,89,64.27,100.22,48.43,4.21
445,Muborak,0,UZ,1566855958,14,39.25,65.15,76.51,10.69
446,Karasjok,40,NO,1566855959,100,69.47,25.52,50.0,11.41
447,Kushiro,86,JP,1566855960,92,43.11,144.15,57.07,3.8
448,Igarka,100,RU,1566855961,91,67.47,86.57,47.35,10.58
449,Nokia,0,FI,1566855963,93,61.48,23.51,57.99,1.12
450,Beruwala,100,LK,1566855964,79,6.48,79.98,81.73,13.87
451,Tsiroanomandidy,7,MG,1566855965,47,-18.77,46.05,62.11,0.87
452,Portland,20,US,1566855941,46,43.66,-70.25,75.2,8.05
453,Gat,75,SN,1566855967,83,14.69,-16.54,84.2,6.93
454,Talakan,100,RU,1566855969,93,50.29,130.28,58.69,8.55
455,Buraydah,0,SA,1566855970,22,26.33,43.97,91.4,3.36
456,Iralaya,40,HN,1566855971,62,15.0,-83.23,89.6,9.17
457,Broome,0,GB,1566855973,68,52.47,1.45,73.4,5.82
458,Jardim,100,BR,1566855974,32,-21.48,-56.15,79.03,2.59
459,Lydenburg,0,ZA,1566855975,22,-25.1,30.46,57.07,2.46
460,Kyzyl-Suu,47,KG,1566855976,53,42.34,78.0,66.61,5.03
461,Umm Lajj,0,SA,1566855977,67,25.02,37.27,88.39,11.99
462,Cairns,74,AU,1566855803,87,-16.92,145.77,61.0,2.24
463,Uchiza,59,PE,1566855980,67,-8.46,-76.46,76.51,0.22
464,Jalu,0,LY,1566855981,52,29.03,21.55,82.27,15.97
465,Vostok,0,RU,1566855982,87,46.45,135.83,53.29,4.0
466,Armidale,0,AU,1566855984,84,-30.51,151.67,46.0,1.99
467,Lagos,40,NG,1566855756,88,6.46,3.39,77.0,4.7
468,Ostersund,0,SE,1566855986,67,63.18,14.64,62.6,10.29
469,Stokmarknes,75,NO,1566855987,93,68.56,14.91,55.4,10.29
470,Peniche,90,PT,1566855989,93,39.36,-9.38,69.8,8.05
471,Sarakhs,0,TM,1566855990,22,36.54,61.16,75.2,4.7
472,Eureka,1,US,1566855883,53,40.8,-124.16,96.01,6.93
473,Sinnamary,0,GF,1566855992,77,5.38,-52.96,82.81,21.61
474,Imbituba,75,BR,1566855993,77,-28.24,-48.67,66.2,6.93
475,Haines Junction,59,CA,1566855995,59,60.75,-137.51,49.15,5.82
476,Manga,40,PK,1566855996,74,31.31,74.05,84.2,4.76
477,Camapua,68,BR,1566855997,16,-19.53,-54.04,87.67,7.45
478,Chimoio,20,MZ,1566855998,88,-19.11,33.48,64.4,3.29
479,Manggar,99,ID,1566856000,94,-2.88,108.27,75.07,2.73
480,Mackenzie,1,CA,1566856001,45,55.34,-123.09,62.6,4.7
481,Rochegda,95,RU,1566856002,98,62.67,43.41,50.23,6.2
482,Tahe,100,CN,1566856003,99,52.34,124.71,56.71,6.46
483,Chokurdakh,100,RU,1566856004,89,70.62,147.9,39.97,11.23
484,Okhotsk,100,RU,1566856006,95,59.36,143.24,51.67,9.84
485,Lubango,0,AO,1566856007,93,-14.92,13.49,56.53,2.01
486,Yining,70,CN,1566856008,88,29.04,114.56,73.63,1.34
487,Eufaula,75,US,1566856009,88,31.89,-85.15,82.4,5.82
488,Zhanakorgan,0,KZ,1566856010,26,43.91,67.25,72.73,12.53
489,Dali,100,CN,1566856012,86,34.79,109.94,68.05,2.01
490,Whitianga,32,NZ,1566855951,74,-36.83,175.7,55.0,7.0
491,Clearlake,1,US,1566856014,19,38.96,-122.63,104.0,6.93
492,Hokitika,4,NZ,1566856015,69,-42.72,170.96,45.73,2.13
493,Lompoc,1,US,1566856016,68,34.64,-120.46,88.0,16.11
494,Sistranda,0,NO,1566856018,60,63.73,8.83,68.0,11.41
495,Ordzhonikidze,0,UA,1566856019,74,44.96,35.36,67.15,5.32
496,Shimanovsk,100,RU,1566856020,97,52.0,127.67,58.87,8.21
497,Santona,0,ES,1566856021,100,43.44,-3.46,69.01,6.93
498,Hamina,0,FI,1566856022,88,60.57,27.2,62.6,2.24
499,Mersin,40,TR,1566856024,83,36.81,34.63,82.4,2.24
500,Madingou,98,CG,1566856025,66,-4.17,13.56,76.33,3.13
501,Glens Falls,1,US,1566856026,41,43.31,-73.64,79.0,3.36
502,Omsukchan,86,RU,1566856028,79,62.53,155.8,48.43,4.29
503,Ipoti,11,NG,1566856029,98,7.87,5.08,69.13,6.24
504,Baffa,0,PK,1566856030,77,34.44,73.22,66.43,4.68
505,Kudahuvadhoo,100,MV,1566856031,78,2.67,72.89,82.63,8.9
506,Mizque,6,BO,1566856033,24,-17.94,-65.34,70.57,15.26
507,Russell,75,US,1566856034,61,38.9,-98.86,81.0,17.22
508,Sladkovo,99,RU,1566856035,96,55.53,70.34,51.49,13.15
509,Maracaibo,75,CO,1566856036,26,3.41,-75.78,93.2,4.7
510,Snasa,19,NO,1566856037,65,64.25,12.38,57.25,4.5
511,Uthal,26,PK,1566856039,77,25.81,66.62,81.19,5.44
512,Gizo,0,IL,1566856040,74,31.8,34.94,81.0,3.36
513,Krasnodar,0,RU,1566855865,49,45.04,38.98,78.01,11.18
514,Bridlington,0,GB,1566856042,72,54.08,-0.19,71.6,2.24
515,Gainesville,75,US,1566855951,59,29.65,-82.33,93.99,9.17
516,Farafenni,100,GM,1566856044,89,13.57,-15.6,77.77,6.49
517,Pitimbu,75,BR,1566856045,78,-7.47,-34.81,77.0,11.41
518,Thunder Bay,90,CA,1566855815,82,48.41,-89.26,66.2,12.75
519,Nieuw Amsterdam,20,SR,1566856048,58,5.88,-55.08,89.6,6.93
520,Camacupa,14,AO,1566856051,34,-12.02,17.48,60.67,3.06
521,Mecca,0,SA,1566855830,46,21.43,39.83,86.05,4.09
522,Kieta,100,PG,1566856054,83,-6.22,155.63,78.67,4.29
523,Palamos,0,ES,1566856055,88,41.85,3.13,75.0,2.24
524,Lewiston,1,US,1566855844,46,44.1,-70.21,75.99,9.17
525,Kaabong,34,UG,1566856058,90,3.51,34.14,62.65,1.79
526,Flinders,75,AU,1566856059,93,-34.58,150.85,57.99,8.05
527,Changying,100,CN,1566856060,98,52.87,123.32,56.71,8.21
528,Marienburg,0,DE,1566856061,60,52.12,9.98,77.0,4.7
529,Jumla,11,NP,1566856063,92,29.28,82.18,52.03,3.11
530,Plettenberg Bay,77,ZA,1566856064,73,-34.05,23.37,52.39,8.12
531,Sukhobuzimskoye,0,RU,1566856065,93,56.5,93.28,44.6,4.5
